cost,runtime
32196,16.507657289505005
32509,17.763707637786865
36408,17.7074773311615
34299,16.332937955856323
38814,17.290172338485718
29486,16.247442722320557
36712,16.568087100982666
