cost,runtime
3133,0.00800013542175293
3273,0.007996082305908203
2325,0.006999492645263672
